split,samples,windows,normal,attack,attack_rate
train,44302,701,24218,20084,0.4533429642002618
val,9509,152,5284,4225,0.4443159112419813
test,10047,152,5599,4448,0.44271921966756245
